{
  "0.5": {
    "best_efficiency": {
      "velocity": 0.5,
      "airfoil": "rg15",
      "alpha": 6.075949367088608,
      "chord": 0.05,
      "Re": 2041.6666666666667,
      "Cl": 0.8703835443037975,
      "Cd": 0.02507518987341772,
      "Cl_Cd": 34.710945308792795,
      "thrust_per_span": 0.00666387401107595,
      "drag_per_span": 0.00019198192246835445,
      "net_thrust": 0.006654274914952532
    },
    "best_thrust": {
      "velocity": 0.5,
      "airfoil": "sd7062",
      "alpha": 20.0,
      "chord": 0.3,
      "Re": 12250.0,
      "Cl": 2.2396753472735353,
      "Cd": 0.11232291322369663,
      "Cl_Cd": 19.93961234617474,
      "thrust_per_span": 0.10288508626537803,
      "drag_per_span": 0.005159833826213564,
      "net_thrust": 0.10262709457406735
    }
  },
  "1.2222222222222223": {
    "best_efficiency": {
      "velocity": 1.2222222222222223,
      "airfoil": "rg15",
      "alpha": 6.075949367088608,
      "chord": 0.05,
      "Re": 4990.740740740742,
      "Cl": 0.8703835443037975,
      "Cd": 0.02507518987341772,
      "Cl_Cd": 34.710945308792795,
      "thrust_per_span": 0.039818703967416796,
      "drag_per_span": 0.0011471512404281922,
      "net_thrust": 0.03976134640539539
    },
    "best_thrust": {
      "velocity": 1.2222222222222223,
      "airfoil": "sd7062",
      "alpha": 20.0,
      "chord": 0.3,
      "Re": 29944.444444444445,
      "Cl": 2.2396753472735353,
      "Cd": 0.11232291322369663,
      "Cl_Cd": 19.93961234617474,
      "thrust_per_span": 0.6147701450918885,
      "drag_per_span": 0.030831599652930433,
      "net_thrust": 0.6132285651092421
    }
  },
  "1.9444444444444444": {
    "best_efficiency": {
      "velocity": 1.9444444444444444,
      "airfoil": "rg15",
      "alpha": 6.075949367088608,
      "chord": 0.05,
      "Re": 7939.814814814816,
      "Cl": 0.8703835443037975,
      "Cd": 0.02507518987341772,
      "Cl_Cd": 34.710945308792795,
      "thrust_per_span": 0.1007808106613338,
      "drag_per_span": 0.00290343030893499,
      "net_thrust": 0.10063563914588705
    },
    "best_thrust": {
      "velocity": 1.9444444444444444,
      "airfoil": "sd7062",
      "alpha": 20.0,
      "chord": 0.3,
      "Re": 47638.88888888889,
      "Cl": 2.2396753472735353,
      "Cd": 0.11232291322369663,
      "Cl_Cd": 19.93961234617474,
      "thrust_per_span": 1.555978156482569,
      "drag_per_span": 0.07803452391495821,
      "net_thrust": 1.552076430286821
    }
  },
  "2.6666666666666665": {
    "best_efficiency": {
      "velocity": 2.6666666666666665,
      "airfoil": "rg15",
      "alpha": 6.075949367088608,
      "chord": 0.05,
      "Re": 10888.888888888889,
      "Cl": 0.8703835443037975,
      "Cd": 0.02507518987341772,
      "Cl_Cd": 34.710945308792795,
      "thrust_per_span": 0.18955019409282706,
      "drag_per_span": 0.005460819127988749,
      "net_thrust": 0.18927715313642762
    },
    "best_thrust": {
      "velocity": 2.6666666666666665,
      "airfoil": "sd7062",
      "alpha": 20.0,
      "chord": 0.3,
      "Re": 65333.33333333333,
      "Cl": 2.2396753472735353,
      "Cd": 0.11232291322369663,
      "Cl_Cd": 19.93961234617474,
      "thrust_per_span": 2.92650912043742,
      "drag_per_span": 0.14676860661229696,
      "net_thrust": 2.919170690106805
    }
  },
  "3.388888888888889": {
    "best_efficiency": {
      "velocity": 3.388888888888889,
      "airfoil": "sd7032",
      "alpha": 5.822784810126583,
      "chord": 0.3,
      "Re": 83027.77777777778,
      "Cl": 1.0513101265822786,
      "Cd": 0.018698734177215192,
      "Cl_Cd": 56.223598700243706,
      "thrust_per_span": 2.2185685656206053,
      "drag_per_span": 0.03945973962728552,
      "net_thrust": 2.2165955786392413
    },
    "best_thrust": {
      "velocity": 3.388888888888889,
      "airfoil": "sd7062",
      "alpha": 20.0,
      "chord": 0.3,
      "Re": 83027.77777777778,
      "Cl": 2.2396753472735353,
      "Cd": 0.11232291322369663,
      "Cl_Cd": 19.93961234617474,
      "thrust_per_span": 4.726363036956441,
      "drag_per_span": 0.23703384774494657,
      "net_thrust": 4.7145113445691935
    }
  },
  "4.111111111111111": {
    "best_efficiency": {
      "velocity": 4.111111111111111,
      "airfoil": "sd7032",
      "alpha": 5.822784810126583,
      "chord": 0.22857142857142854,
      "Re": 76740.74074074073,
      "Cl": 1.0513101265822786,
      "Cd": 0.018698734177215192,
      "Cl_Cd": 56.223598700243706,
      "thrust_per_span": 2.487581467416783,
      "drag_per_span": 0.044244436943272375,
      "net_thrust": 2.4853692455696197
    },
    "best_thrust": {
      "velocity": 4.111111111111111,
      "airfoil": "sd7062",
      "alpha": 20.0,
      "chord": 0.3,
      "Re": 100722.22222222223,
      "Cl": 2.2396753472735353,
      "Cd": 0.11232291322369663,
      "Cl_Cd": 19.93961234617474,
      "thrust_per_span": 6.955539906039629,
      "drag_per_span": 0.348830247312907,
      "net_thrust": 6.938098393673983
    }
  },
  "4.833333333333333": {
    "best_efficiency": {
      "velocity": 4.833333333333333,
      "airfoil": "sd7032",
      "alpha": 5.822784810126583,
      "chord": 0.19285714285714284,
      "Re": 76125.0,
      "Cl": 1.0513101265822786,
      "Cd": 0.018698734177215192,
      "Cl_Cd": 56.223598700243706,
      "thrust_per_span": 2.901123147745253,
      "drag_per_span": 0.051599741297468346,
      "net_thrust": 2.8985431606803798
    },
    "best_thrust": {
      "velocity": 4.833333333333333,
      "airfoil": "sd7062",
      "alpha": 20.0,
      "chord": 0.3,
      "Re": 118416.66666666666,
      "Cl": 2.2396753472735353,
      "Cd": 0.11232291322369663,
      "Cl_Cd": 19.93961234617474,
      "thrust_per_span": 9.61403972768699,
      "drag_per_span": 0.4821578053161785,
      "net_thrust": 9.589931837421181
    }
  },
  "5.555555555555555": {
    "best_efficiency": {
      "velocity": 5.555555555555555,
      "airfoil": "sd7032",
      "alpha": 5.822784810126583,
      "chord": 0.19285714285714284,
      "Re": 87500.0,
      "Cl": 1.0513101265822786,
      "Cd": 0.018698734177215192,
      "Cl_Cd": 56.223598700243706,
      "thrust_per_span": 3.8329015031645577,
      "drag_per_span": 0.06817246835443039,
      "net_thrust": 3.8294928797468364
    },
    "best_thrust": {
      "velocity": 5.555555555555555,
      "airfoil": "sd7062",
      "alpha": 20.0,
      "chord": 0.3,
      "Re": 136111.11111111112,
      "Cl": 2.2396753472735353,
      "Cd": 0.11232291322369663,
      "Cl_Cd": 19.93961234617474,
      "thrust_per_span": 12.701862501898523,
      "drag_per_span": 0.637016521754761,
      "net_thrust": 12.670011675810786
    }
  },
  "6.277777777777778": {
    "best_efficiency": {
      "velocity": 6.277777777777778,
      "airfoil": "s1223",
      "alpha": 0.0,
      "chord": 0.3,
      "Re": 153805.55555555556,
      "Cl": 1.1661,
      "Cd": 0.00694,
      "Cl_Cd": 168.02593659942363,
      "thrust_per_span": 8.444520996527778,
      "drag_per_span": 0.050257246990740745,
      "net_thrust": 8.442008134178241
    },
    "best_thrust": {
      "velocity": 6.277777777777778,
      "airfoil": "s1223",
      "alpha": 12.911392405063292,
      "chord": 0.3,
      "Re": 153805.55555555556,
      "Cl": 2.2900050632911393,
      "Cd": 0.0427120253164557,
      "Cl_Cd": 53.61499592502037,
      "thrust_per_span": 16.583479838021567,
      "drag_per_span": 0.30930674435214495,
      "net_thrust": 16.56801450080396
    }
  },
  "7.0": {
    "best_efficiency": {
      "velocity": 7.0,
      "airfoil": "s1223",
      "alpha": 0.0,
      "chord": 0.2642857142857143,
      "Re": 151083.33333333334,
      "Cl": 1.1661,
      "Cd": 0.00694,
      "Cl_Cd": 168.02593659942363,
      "thrust_per_span": 9.2493594375,
      "drag_per_span": 0.055047212500000005,
      "net_thrust": 9.246607076875001
    },
    "best_thrust": {
      "velocity": 7.0,
      "airfoil": "s1223",
      "alpha": 12.911392405063292,
      "chord": 0.3,
      "Re": 171500.0,
      "Cl": 2.2900050632911393,